ID,Image Path,Copyright Status,Watermark Status,Exif Status,AI,Authentic
0,../../../../dataset/fraud/evaluation-dataset/copyright/watermark/transparent_logo_watermark/watermarked_image_1.jpg,Medium Risk,Clean,No Exif Data,99.96836185455322,0.031645779381506145
1,../../../../dataset/fraud/evaluation-dataset/copyright/watermark/transparent_logo_watermark/watermarked_image_10.jpg,Medium Risk,With watermark,No Exif Data,64.04443979263306,35.95556020736694
2,../../../../dataset/fraud/evaluation-dataset/copyright/watermark/transparent_logo_watermark/watermarked_image_100.jpg,Medium Risk,With watermark,No Exif Data,1.2888256460428238,98.7111747264862
3,../../../../dataset/fraud/evaluation-dataset/copyright/watermark/transparent_logo_watermark/watermarked_image_101.jpg,Medium Risk,With watermark,No Exif Data,33.40374231338501,66.59625172615051
4,../../../../dataset/fraud/evaluation-dataset/copyright/watermark/transparent_logo_watermark/watermarked_image_102.jpg,Medium Risk,With watermark,No Exif Data,81.49360418319702,18.5063898563385
5,../../../../dataset/fraud/evaluation-dataset/copyright/watermark/transparent_logo_watermark/watermarked_image_103.jpg,Medium Risk,With watermark,No Exif Data,0.3936788998544216,99.60631728172302
6,../../../../dataset/fraud/evaluation-dataset/copyright/watermark/transparent_logo_watermark/watermarked_image_104.jpg,Medium Risk,With watermark,No Exif Data,0.005613350003841333,99.99438524246216
7,../../../../dataset/fraud/evaluation-dataset/copyright/watermark/transparent_logo_watermark/watermarked_image_105.jpg,Medium Risk,With watermark,No Exif Data,0.00043925751924689393,99.99955892562866
8,../../../../dataset/fraud/evaluation-dataset/copyright/watermark/transparent_logo_watermark/watermarked_image_106.jpg,Medium Risk,With watermark,No Exif Data,0.0001436800175724784,99.99985694885254
9,../../../../dataset/fraud/evaluation-dataset/copyright/watermark/transparent_logo_watermark/watermarked_image_107.jpg,Medium Risk,With watermark,No Exif Data,0.0012948747098562308,99.9987006187439
10,../../../../dataset/fraud/evaluation-dataset/copyright/watermark/transparent_logo_watermark/watermarked_image_108.jpg,Medium Risk,With watermark,No Exif Data,0.0060464877606136724,99.99395608901978
11,../../../../dataset/fraud/evaluation-dataset/copyright/watermark/transparent_logo_watermark/watermarked_image_109.jpg,Medium Risk,With watermark,No Exif Data,6.149863451719284,93.85014176368713
12,../../../../dataset/fraud/evaluation-dataset/copyright/watermark/transparent_logo_watermark/watermarked_image_11.jpg,Medium Risk,With watermark,No Exif Data,99.94196891784668,0.05803616368211806
13,../../../../dataset/fraud/evaluation-dataset/copyright/watermark/transparent_logo_watermark/watermarked_image_110.jpg,Medium Risk,With watermark,No Exif Data,15.995988249778748,84.00401473045349
14,../../../../dataset/fraud/evaluation-dataset/copyright/watermark/transparent_logo_watermark/watermarked_image_111.jpg,Medium Risk,With watermark,No Exif Data,0.25730947963893414,99.74269270896912
15,../../../../dataset/fraud/evaluation-dataset/copyright/watermark/transparent_logo_watermark/watermarked_image_112.jpg,Medium Risk,With watermark,No Exif Data,51.5328049659729,48.46720099449158
16,../../../../dataset/fraud/evaluation-dataset/copyright/watermark/transparent_logo_watermark/watermarked_image_113.jpg,Medium Risk,With watermark,No Exif Data,71.96351289749146,28.036484122276306
17,../../../../dataset/fraud/evaluation-dataset/copyright/watermark/transparent_logo_watermark/watermarked_image_114.jpg,Medium Risk,With watermark,No Exif Data,99.0604817867279,0.939515046775341
18,../../../../dataset/fraud/evaluation-dataset/copyright/watermark/transparent_logo_watermark/watermarked_image_115.jpg,Medium Risk,With watermark,No Exif Data,3.818342462182045,96.18165493011475
19,../../../../dataset/fraud/evaluation-dataset/copyright/watermark/transparent_logo_watermark/watermarked_image_116.jpg,Medium Risk,Clean,No Exif Data,0.008033215999603271,99.99196529388428
20,../../../../dataset/fraud/evaluation-dataset/copyright/watermark/transparent_logo_watermark/watermarked_image_117.jpg,Medium Risk,With watermark,No Exif Data,7.706267268758893e-06,99.99998807907104
21,../../../../dataset/fraud/evaluation-dataset/copyright/watermark/transparent_logo_watermark/watermarked_image_118.jpg,Medium Risk,With watermark,No Exif Data,0.030806715949438512,99.96919631958008
22,../../../../dataset/fraud/evaluation-dataset/copyright/watermark/transparent_logo_watermark/watermarked_image_119.jpg,Medium Risk,With watermark,No Exif Data,0.00010095475317939417,99.99990463256836
23,../../../../dataset/fraud/evaluation-dataset/copyright/watermark/transparent_logo_watermark/watermarked_image_12.jpg,Medium Risk,Clean,No Exif Data,99.9539852142334,0.046011945232748985
24,../../../../dataset/fraud/evaluation-dataset/copyright/watermark/transparent_logo_watermark/watermarked_image_120.jpg,Medium Risk,With watermark,No Exif Data,17.161746323108673,82.83826112747192
25,../../../../dataset/fraud/evaluation-dataset/copyright/watermark/transparent_logo_watermark/watermarked_image_121.jpg,Medium Risk,With watermark,No Exif Data,0.0005679001333191991,99.99942779541016
26,../../../../dataset/fraud/evaluation-dataset/copyright/watermark/transparent_logo_watermark/watermarked_image_122.jpg,Medium Risk,With watermark,No Exif Data,4.276326137642172e-06,100.0
27,../../../../dataset/fraud/evaluation-dataset/copyright/watermark/transparent_logo_watermark/watermarked_image_123.jpg,Medium Risk,With watermark,No Exif Data,0.18722490640357137,99.81277585029602
28,../../../../dataset/fraud/evaluation-dataset/copyright/watermark/transparent_logo_watermark/watermarked_image_124.jpg,Medium Risk,With watermark,No Exif Data,0.0019707160390680656,99.99803304672241
29,../../../../dataset/fraud/evaluation-dataset/copyright/watermark/transparent_logo_watermark/watermarked_image_125.jpg,Medium Risk,With watermark,No Exif Data,0.00019974822862423025,99.99979734420776
30,../../../../dataset/fraud/evaluation-dataset/copyright/watermark/transparent_logo_watermark/watermarked_image_126.jpg,Medium Risk,With watermark,No Exif Data,0.0017736756490194239,99.9982237815857
31,../../../../dataset/fraud/evaluation-dataset/copyright/watermark/transparent_logo_watermark/watermarked_image_127.jpg,Medium Risk,With watermark,No Exif Data,0.0029364000511122867,99.99706745147705
32,../../../../dataset/fraud/evaluation-dataset/copyright/watermark/transparent_logo_watermark/watermarked_image_128.jpg,Medium Risk,With watermark,No Exif Data,0.1458556391298771,99.85414743423462
33,../../../../dataset/fraud/evaluation-dataset/copyright/watermark/transparent_logo_watermark/watermarked_image_129.jpg,Medium Risk,With watermark,No Exif Data,0.00011169342997163767,99.9998927116394
34,../../../../dataset/fraud/evaluation-dataset/copyright/watermark/transparent_logo_watermark/watermarked_image_13.jpg,Medium Risk,With watermark,No Exif Data,99.96416568756104,0.03583813377190381
35,../../../../dataset/fraud/evaluation-dataset/copyright/watermark/transparent_logo_watermark/watermarked_image_130.jpg,Medium Risk,With watermark,No Exif Data,95.59524655342102,4.40475158393383
36,../../../../dataset/fraud/evaluation-dataset/copyright/watermark/transparent_logo_watermark/watermarked_image_131.jpg,Medium Risk,With watermark,No Exif Data,0.3583025187253952,99.64169263839722
37,../../../../dataset/fraud/evaluation-dataset/copyright/watermark/transparent_logo_watermark/watermarked_image_132.jpg,Medium Risk,With watermark,No Exif Data,86.45515441894531,13.54484111070633
38,../../../../dataset/fraud/evaluation-dataset/copyright/watermark/transparent_logo_watermark/watermarked_image_133.jpg,Medium Risk,With watermark,No Exif Data,0.011417202040320262,99.98857975006104
39,../../../../dataset/fraud/evaluation-dataset/copyright/watermark/transparent_logo_watermark/watermarked_image_134.jpg,Medium Risk,Clean,No Exif Data,99.91729855537415,0.08269876707345247
40,../../../../dataset/fraud/evaluation-dataset/copyright/watermark/transparent_logo_watermark/watermarked_image_135.jpg,Medium Risk,With watermark,No Exif Data,50.630903244018555,49.369096755981445
41,../../../../dataset/fraud/evaluation-dataset/copyright/watermark/transparent_logo_watermark/watermarked_image_136.jpg,Medium Risk,With watermark,No Exif Data,99.98637437820435,0.01362632610835135
42,../../../../dataset/fraud/evaluation-dataset/copyright/watermark/transparent_logo_watermark/watermarked_image_137.jpg,Medium Risk,With watermark,No Exif Data,7.467631995677948,92.53236651420593
43,../../../../dataset/fraud/evaluation-dataset/copyright/watermark/transparent_logo_watermark/watermarked_image_138.jpg,Medium Risk,With watermark,No Exif Data,0.0005167533799976809,99.99948740005493
44,../../../../dataset/fraud/evaluation-dataset/copyright/watermark/transparent_logo_watermark/watermarked_image_139.jpg,Medium Risk,With watermark,No Exif Data,2.9961688444018364,97.00382947921753
45,../../../../dataset/fraud/evaluation-dataset/copyright/watermark/transparent_logo_watermark/watermarked_image_14.jpg,Medium Risk,With watermark,No Exif Data,98.25239777565002,1.747598685324192
46,../../../../dataset/fraud/evaluation-dataset/copyright/watermark/transparent_logo_watermark/watermarked_image_140.jpg,Medium Risk,With watermark,No Exif Data,0.002655828029674012,99.99734163284302
47,../../../../dataset/fraud/evaluation-dataset/copyright/watermark/transparent_logo_watermark/watermarked_image_141.jpg,Medium Risk,With watermark,No Exif Data,0.007131053280318156,99.99287128448486
48,../../../../dataset/fraud/evaluation-dataset/copyright/watermark/transparent_logo_watermark/watermarked_image_142.jpg,Medium Risk,With watermark,No Exif Data,0.0005918637725699227,99.99940395355225
49,../../../../dataset/fraud/evaluation-dataset/copyright/watermark/transparent_logo_watermark/watermarked_image_143.jpg,Medium Risk,With watermark,No Exif Data,0.8464815095067024,99.15351867675781
50,../../../../dataset/fraud/evaluation-dataset/copyright/watermark/transparent_logo_watermark/watermarked_image_144.jpg,Medium Risk,With watermark,No Exif Data,1.0516753420233727,98.94831776618958
51,../../../../dataset/fraud/evaluation-dataset/copyright/watermark/transparent_logo_watermark/watermarked_image_145.jpg,Medium Risk,With watermark,No Exif Data,0.00027141034024680266,99.99972581863403
52,../../../../dataset/fraud/evaluation-dataset/copyright/watermark/transparent_logo_watermark/watermarked_image_146.jpg,Medium Risk,With watermark,No Exif Data,0.20992374047636986,99.79007244110107
53,../../../../dataset/fraud/evaluation-dataset/copyright/watermark/transparent_logo_watermark/watermarked_image_147.jpg,Medium Risk,With watermark,No Exif Data,0.005309791231411509,99.99469518661499
54,../../../../dataset/fraud/evaluation-dataset/copyright/watermark/transparent_logo_watermark/watermarked_image_148.jpg,Medium Risk,With watermark,No Exif Data,0.03734097117558122,99.96265172958374
55,../../../../dataset/fraud/evaluation-dataset/copyright/watermark/transparent_logo_watermark/watermarked_image_149.jpg,Medium Risk,With watermark,No Exif Data,0.00894416734809056,99.99105930328369
56,../../../../dataset/fraud/evaluation-dataset/copyright/watermark/transparent_logo_watermark/watermarked_image_15.jpg,Medium Risk,With watermark,No Exif Data,84.68436598777771,15.315639972686768
57,../../../../dataset/fraud/evaluation-dataset/copyright/watermark/transparent_logo_watermark/watermarked_image_150.jpg,Medium Risk,With watermark,No Exif Data,4.37600314617157,95.62399387359619
58,../../../../dataset/fraud/evaluation-dataset/copyright/watermark/transparent_logo_watermark/watermarked_image_151.jpg,Medium Risk,With watermark,No Exif Data,0.0002854706963262288,99.99971389770508
59,../../../../dataset/fraud/evaluation-dataset/copyright/watermark/transparent_logo_watermark/watermarked_image_152.jpg,Medium Risk,With watermark,No Exif Data,0.005807266279589385,99.99419450759888
60,../../../../dataset/fraud/evaluation-dataset/copyright/watermark/transparent_logo_watermark/watermarked_image_153.jpg,Medium Risk,With watermark,No Exif Data,0.5423516035079956,99.45764541625977
61,../../../../dataset/fraud/evaluation-dataset/copyright/watermark/transparent_logo_watermark/watermarked_image_154.jpg,Medium Risk,With watermark,No Exif Data,0.0004380753125587944,99.99955892562866
62,../../../../dataset/fraud/evaluation-dataset/copyright/watermark/transparent_logo_watermark/watermarked_image_155.jpg,Medium Risk,With watermark,No Exif Data,1.0319866240024567,98.96801114082336
63,../../../../dataset/fraud/evaluation-dataset/copyright/watermark/transparent_logo_watermark/watermarked_image_156.jpg,Medium Risk,With watermark,No Exif Data,0.14046939322724938,99.85952973365784
64,../../../../dataset/fraud/evaluation-dataset/copyright/watermark/transparent_logo_watermark/watermarked_image_157.jpg,Medium Risk,With watermark,No Exif Data,2.8262505307793617,97.17375636100769
65,../../../../dataset/fraud/evaluation-dataset/copyright/watermark/transparent_logo_watermark/watermarked_image_158.jpg,Medium Risk,With watermark,No Exif Data,0.08867502328939736,99.91132616996765
66,../../../../dataset/fraud/evaluation-dataset/copyright/watermark/transparent_logo_watermark/watermarked_image_159.jpg,Medium Risk,With watermark,No Exif Data,99.63690042495728,0.363102019764483
67,../../../../dataset/fraud/evaluation-dataset/copyright/watermark/transparent_logo_watermark/watermarked_image_16.jpg,Medium Risk,With watermark,No Exif Data,94.79787349700928,5.202130228281021
68,../../../../dataset/fraud/evaluation-dataset/copyright/watermark/transparent_logo_watermark/watermarked_image_160.jpg,Medium Risk,Clean,No Exif Data,0.03026618796866387,99.96973276138306
69,../../../../dataset/fraud/evaluation-dataset/copyright/watermark/transparent_logo_watermark/watermarked_image_161.jpg,Medium Risk,With watermark,No Exif Data,99.74549412727356,0.2545117400586605
70,../../../../dataset/fraud/evaluation-dataset/copyright/watermark/transparent_logo_watermark/watermarked_image_162.jpg,Medium Risk,With watermark,No Exif Data,0.03350264742039144,99.96650218963623
71,../../../../dataset/fraud/evaluation-dataset/copyright/watermark/transparent_logo_watermark/watermarked_image_163.jpg,Medium Risk,With watermark,No Exif Data,4.863125458359718,95.13686895370483
72,../../../../dataset/fraud/evaluation-dataset/copyright/watermark/transparent_logo_watermark/watermarked_image_164.jpg,Medium Risk,With watermark,No Exif Data,0.00013579177675637766,99.9998688697815
73,../../../../dataset/fraud/evaluation-dataset/copyright/watermark/transparent_logo_watermark/watermarked_image_165.jpg,Medium Risk,With watermark,No Exif Data,0.3210572758689523,99.67893958091736
74,../../../../dataset/fraud/evaluation-dataset/copyright/watermark/transparent_logo_watermark/watermarked_image_166.jpg,Medium Risk,With watermark,No Exif Data,9.563948959112167,90.43604731559753
75,../../../../dataset/fraud/evaluation-dataset/copyright/watermark/transparent_logo_watermark/watermarked_image_167.jpg,Medium Risk,With watermark,No Exif Data,93.13827753067017,6.861717253923416
76,../../../../dataset/fraud/evaluation-dataset/copyright/watermark/transparent_logo_watermark/watermarked_image_168.jpg,Medium Risk,Clean,No Exif Data,98.57128858566284,1.4287116937339306
77,../../../../dataset/fraud/evaluation-dataset/copyright/watermark/transparent_logo_watermark/watermarked_image_169.jpg,Medium Risk,Clean,No Exif Data,99.65788722038269,0.3421136410906911
78,../../../../dataset/fraud/evaluation-dataset/copyright/watermark/transparent_logo_watermark/watermarked_image_17.jpg,Medium Risk,With watermark,No Exif Data,99.87105131149292,0.12895397376269102
79,../../../../dataset/fraud/evaluation-dataset/copyright/watermark/transparent_logo_watermark/watermarked_image_170.jpg,Medium Risk,With watermark,No Exif Data,0.08542751311324537,99.91457462310791
80,../../../../dataset/fraud/evaluation-dataset/copyright/watermark/transparent_logo_watermark/watermarked_image_171.jpg,Medium Risk,With watermark,No Exif Data,0.3816240932792425,99.6183693408966
81,../../../../dataset/fraud/evaluation-dataset/copyright/watermark/transparent_logo_watermark/watermarked_image_172.jpg,Medium Risk,Clean,No Exif Data,14.74166214466095,85.25834083557129
82,../../../../dataset/fraud/evaluation-dataset/copyright/watermark/transparent_logo_watermark/watermarked_image_173.jpg,Medium Risk,Clean,No Exif Data,83.82565975189209,16.17433726787567
83,../../../../dataset/fraud/evaluation-dataset/copyright/watermark/transparent_logo_watermark/watermarked_image_174.jpg,Medium Risk,With watermark,No Exif Data,0.06284026894718409,99.9371588230133
84,../../../../dataset/fraud/evaluation-dataset/copyright/watermark/transparent_logo_watermark/watermarked_image_175.jpg,Medium Risk,With watermark,No Exif Data,99.99834299087524,0.0016618314475635998
85,../../../../dataset/fraud/evaluation-dataset/copyright/watermark/transparent_logo_watermark/watermarked_image_176.jpg,Medium Risk,With watermark,No Exif Data,0.6107054185122252,99.3893027305603
86,../../../../dataset/fraud/evaluation-dataset/copyright/watermark/transparent_logo_watermark/watermarked_image_177.jpg,Medium Risk,Clean,No Exif Data,99.99814033508301,0.0018578659364720806
87,../../../../dataset/fraud/evaluation-dataset/copyright/watermark/transparent_logo_watermark/watermarked_image_178.jpg,Medium Risk,With watermark,No Exif Data,99.9812662601471,0.018739623192232102
88,../../../../dataset/fraud/evaluation-dataset/copyright/watermark/transparent_logo_watermark/watermarked_image_179.jpg,Medium Risk,With watermark,No Exif Data,0.09402811410836875,99.90597367286682
89,../../../../dataset/fraud/evaluation-dataset/copyright/watermark/transparent_logo_watermark/watermarked_image_18.jpg,Medium Risk,With watermark,No Exif Data,43.73641014099121,56.26358389854431
90,../../../../dataset/fraud/evaluation-dataset/copyright/watermark/transparent_logo_watermark/watermarked_image_180.jpg,Medium Risk,With watermark,No Exif Data,18.693283200263977,81.30671381950378
91,../../../../dataset/fraud/evaluation-dataset/copyright/watermark/transparent_logo_watermark/watermarked_image_181.jpg,Medium Risk,With watermark,No Exif Data,0.6776592694222927,99.32234287261963
92,../../../../dataset/fraud/evaluation-dataset/copyright/watermark/transparent_logo_watermark/watermarked_image_182.jpg,Medium Risk,With watermark,No Exif Data,0.07828234229236841,99.921715259552
93,../../../../dataset/fraud/evaluation-dataset/copyright/watermark/transparent_logo_watermark/watermarked_image_183.jpg,Medium Risk,With watermark,No Exif Data,0.32091664616018534,99.67908263206482
94,../../../../dataset/fraud/evaluation-dataset/copyright/watermark/transparent_logo_watermark/watermarked_image_184.jpg,Medium Risk,With watermark,No Exif Data,10.892865806818008,89.10713195800781
95,../../../../dataset/fraud/evaluation-dataset/copyright/watermark/transparent_logo_watermark/watermarked_image_185.jpg,Medium Risk,With watermark,No Exif Data,0.02106864849338308,99.9789297580719
96,../../../../dataset/fraud/evaluation-dataset/copyright/watermark/transparent_logo_watermark/watermarked_image_186.jpg,Medium Risk,With watermark,No Exif Data,0.03368211619090289,99.9663233757019
97,../../../../dataset/fraud/evaluation-dataset/copyright/watermark/transparent_logo_watermark/watermarked_image_187.jpg,Medium Risk,With watermark,No Exif Data,23.505477607250214,76.49452090263367
98,../../../../dataset/fraud/evaluation-dataset/copyright/watermark/transparent_logo_watermark/watermarked_image_188.jpg,Medium Risk,With watermark,No Exif Data,19.21037584543228,80.78962564468384
99,../../../../dataset/fraud/evaluation-dataset/copyright/watermark/transparent_logo_watermark/watermarked_image_189.jpg,Medium Risk,With watermark,No Exif Data,0.8213789202272892,99.17861819267273
100,../../../../dataset/fraud/evaluation-dataset/copyright/watermark/transparent_logo_watermark/watermarked_image_19.jpg,Medium Risk,With watermark,No Exif Data,95.4480230808258,4.551976174116135
101,../../../../dataset/fraud/evaluation-dataset/copyright/watermark/transparent_logo_watermark/watermarked_image_190.jpg,Medium Risk,With watermark,No Exif Data,51.80121064186096,48.19879233837128
102,../../../../dataset/fraud/evaluation-dataset/copyright/watermark/transparent_logo_watermark/watermarked_image_191.jpg,Medium Risk,With watermark,No Exif Data,5.126473680138588,94.8735237121582
103,../../../../dataset/fraud/evaluation-dataset/copyright/watermark/transparent_logo_watermark/watermarked_image_192.jpg,Medium Risk,With watermark,No Exif Data,0.43397084809839725,99.56602454185486
104,../../../../dataset/fraud/evaluation-dataset/copyright/watermark/transparent_logo_watermark/watermarked_image_193.jpg,Medium Risk,With watermark,No Exif Data,1.2229385785758495,98.77705574035645
105,../../../../dataset/fraud/evaluation-dataset/copyright/watermark/transparent_logo_watermark/watermarked_image_194.jpg,Medium Risk,With watermark,No Exif Data,1.1870386078953743,98.81296157836914
106,../../../../dataset/fraud/evaluation-dataset/copyright/watermark/transparent_logo_watermark/watermarked_image_195.jpg,Medium Risk,With watermark,No Exif Data,20.47036737203598,79.52963709831238
107,../../../../dataset/fraud/evaluation-dataset/copyright/watermark/transparent_logo_watermark/watermarked_image_196.jpg,Medium Risk,With watermark,No Exif Data,99.52594637870789,0.4740544594824314
108,../../../../dataset/fraud/evaluation-dataset/copyright/watermark/transparent_logo_watermark/watermarked_image_197.jpg,Medium Risk,With watermark,No Exif Data,0.000791577622294426,99.99921321868896
109,../../../../dataset/fraud/evaluation-dataset/copyright/watermark/transparent_logo_watermark/watermarked_image_198.jpg,Medium Risk,With watermark,No Exif Data,99.91064667701721,0.08935077348724008
110,../../../../dataset/fraud/evaluation-dataset/copyright/watermark/transparent_logo_watermark/watermarked_image_199.jpg,Medium Risk,With watermark,No Exif Data,68.57765316963196,31.422343850135803
111,../../../../dataset/fraud/evaluation-dataset/copyright/watermark/transparent_logo_watermark/watermarked_image_2.jpg,Medium Risk,Clean,No Exif Data,99.99043941497803,0.009563636558596045
112,../../../../dataset/fraud/evaluation-dataset/copyright/watermark/transparent_logo_watermark/watermarked_image_20.jpg,Medium Risk,With watermark,No Exif Data,99.94910955429077,0.05088658654130995
113,../../../../dataset/fraud/evaluation-dataset/copyright/watermark/transparent_logo_watermark/watermarked_image_200.jpg,Medium Risk,With watermark,No Exif Data,42.42532253265381,57.57467746734619
114,../../../../dataset/fraud/evaluation-dataset/copyright/watermark/transparent_logo_watermark/watermarked_image_201.jpg,Medium Risk,With watermark,No Exif Data,0.583932688459754,99.41605925559998
115,../../../../dataset/fraud/evaluation-dataset/copyright/watermark/transparent_logo_watermark/watermarked_image_202.jpg,Medium Risk,With watermark,No Exif Data,0.7288857363164425,99.27111864089966
116,../../../../dataset/fraud/evaluation-dataset/copyright/watermark/transparent_logo_watermark/watermarked_image_203.jpg,Medium Risk,With watermark,No Exif Data,0.10587696451693773,99.89412426948547
117,../../../../dataset/fraud/evaluation-dataset/copyright/watermark/transparent_logo_watermark/watermarked_image_204.jpg,Medium Risk,With watermark,No Exif Data,0.4275667481124401,99.57243204116821
118,../../../../dataset/fraud/evaluation-dataset/copyright/watermark/transparent_logo_watermark/watermarked_image_205.jpg,Medium Risk,With watermark,No Exif Data,0.9202610701322556,99.07974004745483
119,../../../../dataset/fraud/evaluation-dataset/copyright/watermark/transparent_logo_watermark/watermarked_image_206.jpg,Medium Risk,With watermark,No Exif Data,1.4876767061650753,98.51232171058655
120,../../../../dataset/fraud/evaluation-dataset/copyright/watermark/transparent_logo_watermark/watermarked_image_207.jpg,Medium Risk,With watermark,No Exif Data,0.0651627779006958,99.93483424186707
121,../../../../dataset/fraud/evaluation-dataset/copyright/watermark/transparent_logo_watermark/watermarked_image_208.jpg,Medium Risk,With watermark,No Exif Data,0.020061893155798316,99.97994303703308
122,../../../../dataset/fraud/evaluation-dataset/copyright/watermark/transparent_logo_watermark/watermarked_image_209.jpg,Medium Risk,With watermark,No Exif Data,0.002247711381642148,99.99774694442749
123,../../../../dataset/fraud/evaluation-dataset/copyright/watermark/transparent_logo_watermark/watermarked_image_21.jpg,Medium Risk,With watermark,No Exif Data,99.91233944892883,0.08765794336795807
124,../../../../dataset/fraud/evaluation-dataset/copyright/watermark/transparent_logo_watermark/watermarked_image_210.jpg,Medium Risk,With watermark,No Exif Data,4.139469191431999,95.86052894592285
125,../../../../dataset/fraud/evaluation-dataset/copyright/watermark/transparent_logo_watermark/watermarked_image_211.jpg,Medium Risk,With watermark,No Exif Data,0.847318023443222,99.15267825126648
126,../../../../dataset/fraud/evaluation-dataset/copyright/watermark/transparent_logo_watermark/watermarked_image_212.jpg,Medium Risk,With watermark,No Exif Data,0.22488622926175594,99.77511763572693
127,../../../../dataset/fraud/evaluation-dataset/copyright/watermark/transparent_logo_watermark/watermarked_image_213.jpg,Medium Risk,With watermark,No Exif Data,0.8907278068363667,99.10927414894104
128,../../../../dataset/fraud/evaluation-dataset/copyright/watermark/transparent_logo_watermark/watermarked_image_214.jpg,Medium Risk,With watermark,No Exif Data,7.79551498908404e-06,99.99998807907104
129,../../../../dataset/fraud/evaluation-dataset/copyright/watermark/transparent_logo_watermark/watermarked_image_215.jpg,Medium Risk,With watermark,No Exif Data,0.004183926648693159,99.99581575393677
130,../../../../dataset/fraud/evaluation-dataset/copyright/watermark/transparent_logo_watermark/watermarked_image_216.jpg,Medium Risk,With watermark,No Exif Data,97.07618951797485,2.9238032177090645
131,../../../../dataset/fraud/evaluation-dataset/copyright/watermark/transparent_logo_watermark/watermarked_image_217.jpg,Medium Risk,With watermark,No Exif Data,0.4565814044326544,99.54341053962708
132,../../../../dataset/fraud/evaluation-dataset/copyright/watermark/transparent_logo_watermark/watermarked_image_218.jpg,Medium Risk,With watermark,No Exif Data,8.651422709226608,91.34857058525085
133,../../../../dataset/fraud/evaluation-dataset/copyright/watermark/transparent_logo_watermark/watermarked_image_219.jpg,Medium Risk,With watermark,No Exif Data,2.116785964290102e-05,99.99997615814209
134,../../../../dataset/fraud/evaluation-dataset/copyright/watermark/transparent_logo_watermark/watermarked_image_22.jpg,Medium Risk,With watermark,No Exif Data,73.97769689559937,26.022303104400635
135,../../../../dataset/fraud/evaluation-dataset/copyright/watermark/transparent_logo_watermark/watermarked_image_220.jpg,Medium Risk,With watermark,No Exif Data,4.775085672736168,95.22491097450256
136,../../../../dataset/fraud/evaluation-dataset/copyright/watermark/transparent_logo_watermark/watermarked_image_221.jpg,Medium Risk,With watermark,No Exif Data,5.197004973888397,94.80299353599548
137,../../../../dataset/fraud/evaluation-dataset/copyright/watermark/transparent_logo_watermark/watermarked_image_222.jpg,Medium Risk,With watermark,No Exif Data,13.091307878494263,86.90869212150574
138,../../../../dataset/fraud/evaluation-dataset/copyright/watermark/transparent_logo_watermark/watermarked_image_223.jpg,Medium Risk,With watermark,No Exif Data,2.65048798173666,97.34950661659241
139,../../../../dataset/fraud/evaluation-dataset/copyright/watermark/transparent_logo_watermark/watermarked_image_224.jpg,Medium Risk,With watermark,No Exif Data,0.15928198117762804,99.84071850776672
140,../../../../dataset/fraud/evaluation-dataset/copyright/watermark/transparent_logo_watermark/watermarked_image_225.jpg,Medium Risk,With watermark,No Exif Data,0.04002079658675939,99.95997548103333
141,../../../../dataset/fraud/evaluation-dataset/copyright/watermark/transparent_logo_watermark/watermarked_image_226.jpg,Medium Risk,With watermark,No Exif Data,4.401141032576561,95.59886455535889
142,../../../../dataset/fraud/evaluation-dataset/copyright/watermark/transparent_logo_watermark/watermarked_image_227.jpg,Medium Risk,With watermark,No Exif Data,9.189633374262485e-05,99.99990463256836
143,../../../../dataset/fraud/evaluation-dataset/copyright/watermark/transparent_logo_watermark/watermarked_image_228.jpg,Medium Risk,With watermark,No Exif Data,0.00029796849503327394,99.99970197677612
144,../../../../dataset/fraud/evaluation-dataset/copyright/watermark/transparent_logo_watermark/watermarked_image_229.jpg,Medium Risk,With watermark,No Exif Data,0.0016289852283080108,99.99836683273315
145,../../../../dataset/fraud/evaluation-dataset/copyright/watermark/transparent_logo_watermark/watermarked_image_23.jpg,Medium Risk,With watermark,No Exif Data,2.751963771879673,97.24803566932678
146,../../../../dataset/fraud/evaluation-dataset/copyright/watermark/transparent_logo_watermark/watermarked_image_230.jpg,Medium Risk,With watermark,No Exif Data,0.22454101126641035,99.77546334266663
147,../../../../dataset/fraud/evaluation-dataset/copyright/watermark/transparent_logo_watermark/watermarked_image_231.jpg,Medium Risk,With watermark,No Exif Data,0.18959559965878725,99.81039762496948
148,../../../../dataset/fraud/evaluation-dataset/copyright/watermark/transparent_logo_watermark/watermarked_image_232.jpg,Medium Risk,With watermark,No Exif Data,0.03592700231820345,99.9640703201294
149,../../../../dataset/fraud/evaluation-dataset/copyright/watermark/transparent_logo_watermark/watermarked_image_233.jpg,Medium Risk,With watermark,No Exif Data,0.003644181924755685,99.99635219573975
150,../../../../dataset/fraud/evaluation-dataset/copyright/watermark/transparent_logo_watermark/watermarked_image_234.jpg,Medium Risk,With watermark,No Exif Data,0.16410889802500606,99.83589053153992
151,../../../../dataset/fraud/evaluation-dataset/copyright/watermark/transparent_logo_watermark/watermarked_image_235.jpg,Medium Risk,With watermark,No Exif Data,1.924680732190609,98.0753242969513
152,../../../../dataset/fraud/evaluation-dataset/copyright/watermark/transparent_logo_watermark/watermarked_image_236.jpg,Medium Risk,With watermark,No Exif Data,0.0003512860985210864,99.9996542930603
153,../../../../dataset/fraud/evaluation-dataset/copyright/watermark/transparent_logo_watermark/watermarked_image_237.jpg,Medium Risk,With watermark,No Exif Data,0.007141724199755117,99.99285936355591
154,../../../../dataset/fraud/evaluation-dataset/copyright/watermark/transparent_logo_watermark/watermarked_image_238.jpg,Medium Risk,With watermark,No Exif Data,0.00028804515750380233,99.99971389770508
155,../../../../dataset/fraud/evaluation-dataset/copyright/watermark/transparent_logo_watermark/watermarked_image_239.jpg,Medium Risk,With watermark,No Exif Data,0.7250219117850065,99.2749810218811
156,../../../../dataset/fraud/evaluation-dataset/copyright/watermark/transparent_logo_watermark/watermarked_image_24.jpg,Medium Risk,With watermark,No Exif Data,3.0378222465515137,96.96217775344849
157,../../../../dataset/fraud/evaluation-dataset/copyright/watermark/transparent_logo_watermark/watermarked_image_240.jpg,Medium Risk,With watermark,No Exif Data,9.776493925528484e-05,99.99990463256836
158,../../../../dataset/fraud/evaluation-dataset/copyright/watermark/transparent_logo_watermark/watermarked_image_241.jpg,Medium Risk,With watermark,No Exif Data,0.7141838781535625,99.28581714630127
159,../../../../dataset/fraud/evaluation-dataset/copyright/watermark/transparent_logo_watermark/watermarked_image_242.jpg,Medium Risk,With watermark,No Exif Data,41.283294558525085,58.71670842170715
160,../../../../dataset/fraud/evaluation-dataset/copyright/watermark/transparent_logo_watermark/watermarked_image_243.jpg,Medium Risk,With watermark,No Exif Data,0.0019013972632819787,99.99809265136719
161,../../../../dataset/fraud/evaluation-dataset/copyright/watermark/transparent_logo_watermark/watermarked_image_244.jpg,Medium Risk,With watermark,No Exif Data,0.0004437268671608763,99.99955892562866
162,../../../../dataset/fraud/evaluation-dataset/copyright/watermark/transparent_logo_watermark/watermarked_image_245.jpg,Medium Risk,With watermark,No Exif Data,6.479406356811523,93.520587682724
163,../../../../dataset/fraud/evaluation-dataset/copyright/watermark/transparent_logo_watermark/watermarked_image_246.jpg,Medium Risk,With watermark,No Exif Data,0.09774202480912209,99.90226030349731
164,../../../../dataset/fraud/evaluation-dataset/copyright/watermark/transparent_logo_watermark/watermarked_image_247.jpg,Medium Risk,With watermark,No Exif Data,36.601126194000244,63.398873805999756
165,../../../../dataset/fraud/evaluation-dataset/copyright/watermark/transparent_logo_watermark/watermarked_image_248.jpg,Medium Risk,With watermark,No Exif Data,0.014434351760428399,99.9855637550354
166,../../../../dataset/fraud/evaluation-dataset/copyright/watermark/transparent_logo_watermark/watermarked_image_249.jpg,Medium Risk,With watermark,No Exif Data,0.012439438432920724,99.9875545501709
167,../../../../dataset/fraud/evaluation-dataset/copyright/watermark/transparent_logo_watermark/watermarked_image_25.jpg,Medium Risk,With watermark,No Exif Data,99.97050166130066,0.029495713533833623
168,../../../../dataset/fraud/evaluation-dataset/copyright/watermark/transparent_logo_watermark/watermarked_image_251.jpg,Medium Risk,With watermark,No Exif Data,0.011521878332132474,99.98847246170044
169,../../../../dataset/fraud/evaluation-dataset/copyright/watermark/transparent_logo_watermark/watermarked_image_252.jpg,Medium Risk,With watermark,No Exif Data,0.00035215314255765406,99.99964237213135
170,../../../../dataset/fraud/evaluation-dataset/copyright/watermark/transparent_logo_watermark/watermarked_image_253.jpg,Medium Risk,With watermark,No Exif Data,99.08449053764343,0.915511604398489
171,../../../../dataset/fraud/evaluation-dataset/copyright/watermark/transparent_logo_watermark/watermarked_image_254.jpg,Medium Risk,With watermark,No Exif Data,8.871412546795909e-05,99.99991655349731
172,../../../../dataset/fraud/evaluation-dataset/copyright/watermark/transparent_logo_watermark/watermarked_image_255.jpg,Medium Risk,With watermark,No Exif Data,0.0015157845155044924,99.9984860420227
173,../../../../dataset/fraud/evaluation-dataset/copyright/watermark/transparent_logo_watermark/watermarked_image_256.jpg,Medium Risk,With watermark,No Exif Data,0.003007038867508527,99.99699592590332
174,../../../../dataset/fraud/evaluation-dataset/copyright/watermark/transparent_logo_watermark/watermarked_image_257.jpg,Medium Risk,With watermark,No Exif Data,0.06415371899493039,99.93584752082825
175,../../../../dataset/fraud/evaluation-dataset/copyright/watermark/transparent_logo_watermark/watermarked_image_258.jpg,Medium Risk,With watermark,No Exif Data,0.0727752922102809,99.92722868919373
176,../../../../dataset/fraud/evaluation-dataset/copyright/watermark/transparent_logo_watermark/watermarked_image_259.jpg,Medium Risk,With watermark,No Exif Data,9.794115385375335e-06,99.99998807907104
177,../../../../dataset/fraud/evaluation-dataset/copyright/watermark/transparent_logo_watermark/watermarked_image_26.jpg,Medium Risk,With watermark,No Exif Data,99.94069337844849,0.05931001505814493
178,../../../../dataset/fraud/evaluation-dataset/copyright/watermark/transparent_logo_watermark/watermarked_image_260.jpg,Medium Risk,With watermark,No Exif Data,71.1142361164093,28.8857638835907
179,../../../../dataset/fraud/evaluation-dataset/copyright/watermark/transparent_logo_watermark/watermarked_image_261.jpg,Medium Risk,With watermark,No Exif Data,68.43215227127075,31.567847728729248
180,../../../../dataset/fraud/evaluation-dataset/copyright/watermark/transparent_logo_watermark/watermarked_image_262.jpg,Medium Risk,With watermark,No Exif Data,99.17961359024048,0.8203808218240738
181,../../../../dataset/fraud/evaluation-dataset/copyright/watermark/transparent_logo_watermark/watermarked_image_263.jpg,Medium Risk,With watermark,No Exif Data,70.38055658340454,29.61944341659546
182,../../../../dataset/fraud/evaluation-dataset/copyright/watermark/transparent_logo_watermark/watermarked_image_264.jpg,Medium Risk,With watermark,No Exif Data,3.498594480788597e-05,99.99996423721313
183,../../../../dataset/fraud/evaluation-dataset/copyright/watermark/transparent_logo_watermark/watermarked_image_265.jpg,Medium Risk,With watermark,No Exif Data,55.255818367004395,44.744181632995605
184,../../../../dataset/fraud/evaluation-dataset/copyright/watermark/transparent_logo_watermark/watermarked_image_266.jpg,Medium Risk,With watermark,No Exif Data,14.517176151275635,85.48282384872437
185,../../../../dataset/fraud/evaluation-dataset/copyright/watermark/transparent_logo_watermark/watermarked_image_267.jpg,Medium Risk,With watermark,No Exif Data,1.409777719527483,98.5902190208435
186,../../../../dataset/fraud/evaluation-dataset/copyright/watermark/transparent_logo_watermark/watermarked_image_268.jpg,Medium Risk,With watermark,No Exif Data,0.09052141103893518,99.90948438644409
187,../../../../dataset/fraud/evaluation-dataset/copyright/watermark/transparent_logo_watermark/watermarked_image_269.jpg,Medium Risk,With watermark,No Exif Data,0.0006624630259466358,99.99933242797852
188,../../../../dataset/fraud/evaluation-dataset/copyright/watermark/transparent_logo_watermark/watermarked_image_27.jpg,Medium Risk,With watermark,No Exif Data,99.99779462814331,0.0022069889382692054
189,../../../../dataset/fraud/evaluation-dataset/copyright/watermark/transparent_logo_watermark/watermarked_image_270.jpg,Medium Risk,Clean,No Exif Data,47.04468846321106,52.95530557632446
190,../../../../dataset/fraud/evaluation-dataset/copyright/watermark/transparent_logo_watermark/watermarked_image_271.jpg,Medium Risk,With watermark,No Exif Data,99.7102677822113,0.28972893487662077
191,../../../../dataset/fraud/evaluation-dataset/copyright/watermark/transparent_logo_watermark/watermarked_image_272.jpg,Medium Risk,With watermark,No Exif Data,98.18955659866333,1.8104445189237595
192,../../../../dataset/fraud/evaluation-dataset/copyright/watermark/transparent_logo_watermark/watermarked_image_273.jpg,Medium Risk,With watermark,No Exif Data,74.77803826332092,25.221964716911316
193,../../../../dataset/fraud/evaluation-dataset/copyright/watermark/transparent_logo_watermark/watermarked_image_274.jpg,Medium Risk,With watermark,No Exif Data,1.2208495289087296,98.77915382385254
194,../../../../dataset/fraud/evaluation-dataset/copyright/watermark/transparent_logo_watermark/watermarked_image_275.jpg,Medium Risk,With watermark,No Exif Data,0.0026256537239532918,99.99737739562988
195,../../../../dataset/fraud/evaluation-dataset/copyright/watermark/transparent_logo_watermark/watermarked_image_276.jpg,Medium Risk,With watermark,No Exif Data,6.257408857345581,93.74259114265442
196,../../../../dataset/fraud/evaluation-dataset/copyright/watermark/transparent_logo_watermark/watermarked_image_277.jpg,Medium Risk,With watermark,No Exif Data,2.390717384059826e-05,99.99997615814209
197,../../../../dataset/fraud/evaluation-dataset/copyright/watermark/transparent_logo_watermark/watermarked_image_278.jpg,Medium Risk,With watermark,No Exif Data,0.0003615460627770517,99.99964237213135
198,../../../../dataset/fraud/evaluation-dataset/copyright/watermark/transparent_logo_watermark/watermarked_image_279.jpg,Medium Risk,With watermark,No Exif Data,0.00036987812563893385,99.99963045120239
199,../../../../dataset/fraud/evaluation-dataset/copyright/watermark/transparent_logo_watermark/watermarked_image_28.jpg,Medium Risk,With watermark,No Exif Data,0.012771606270689517,99.98723268508911
200,../../../../dataset/fraud/evaluation-dataset/copyright/watermark/transparent_logo_watermark/watermarked_image_280.jpg,Medium Risk,With watermark,No Exif Data,0.10755171533674002,99.89244341850281
201,../../../../dataset/fraud/evaluation-dataset/copyright/watermark/transparent_logo_watermark/watermarked_image_281.jpg,Medium Risk,With watermark,No Exif Data,79.49711084365845,20.50289213657379
202,../../../../dataset/fraud/evaluation-dataset/copyright/watermark/transparent_logo_watermark/watermarked_image_282.jpg,Medium Risk,With watermark,No Exif Data,0.36900469567626715,99.63099360466003
203,../../../../dataset/fraud/evaluation-dataset/copyright/watermark/transparent_logo_watermark/watermarked_image_283.jpg,Medium Risk,With watermark,No Exif Data,23.59112948179245,76.40887498855591
204,../../../../dataset/fraud/evaluation-dataset/copyright/watermark/transparent_logo_watermark/watermarked_image_284.jpg,Medium Risk,With watermark,No Exif Data,70.73838710784912,29.2616069316864
205,../../../../dataset/fraud/evaluation-dataset/copyright/watermark/transparent_logo_watermark/watermarked_image_285.jpg,Medium Risk,With watermark,No Exif Data,1.4641115441918373,98.53589534759521
206,../../../../dataset/fraud/evaluation-dataset/copyright/watermark/transparent_logo_watermark/watermarked_image_286.jpg,Medium Risk,With watermark,No Exif Data,3.6608703434467316,96.33912444114685
207,../../../../dataset/fraud/evaluation-dataset/copyright/watermark/transparent_logo_watermark/watermarked_image_287.jpg,Medium Risk,With watermark,No Exif Data,9.568138420581818,90.4318630695343
208,../../../../dataset/fraud/evaluation-dataset/copyright/watermark/transparent_logo_watermark/watermarked_image_288.jpg,Medium Risk,With watermark,No Exif Data,2.2626060992479324,97.73739576339722
209,../../../../dataset/fraud/evaluation-dataset/copyright/watermark/transparent_logo_watermark/watermarked_image_289.jpg,Medium Risk,With watermark,No Exif Data,6.921045482158661,93.0789589881897
210,../../../../dataset/fraud/evaluation-dataset/copyright/watermark/transparent_logo_watermark/watermarked_image_29.jpg,Medium Risk,With watermark,No Exif Data,81.80654048919678,18.193456530570984
211,../../../../dataset/fraud/evaluation-dataset/copyright/watermark/transparent_logo_watermark/watermarked_image_290.jpg,Medium Risk,Clean,No Exif Data,5.084148421883583,94.91585493087769
212,../../../../dataset/fraud/evaluation-dataset/copyright/watermark/transparent_logo_watermark/watermarked_image_291.jpg,Medium Risk,With watermark,No Exif Data,1.3126315549015999,98.68736863136292
213,../../../../dataset/fraud/evaluation-dataset/copyright/watermark/transparent_logo_watermark/watermarked_image_292.jpg,Medium Risk,With watermark,No Exif Data,0.918187852948904,99.08181428909302
214,../../../../dataset/fraud/evaluation-dataset/copyright/watermark/transparent_logo_watermark/watermarked_image_293.jpg,Medium Risk,With watermark,No Exif Data,1.1274081654846668,98.87259602546692
215,../../../../dataset/fraud/evaluation-dataset/copyright/watermark/transparent_logo_watermark/watermarked_image_294.jpg,Medium Risk,With watermark,No Exif Data,0.961768813431263,99.03823733329773
216,../../../../dataset/fraud/evaluation-dataset/copyright/watermark/transparent_logo_watermark/watermarked_image_295.jpg,Medium Risk,With watermark,No Exif Data,1.4020602218806744,98.59793782234192
217,../../../../dataset/fraud/evaluation-dataset/copyright/watermark/transparent_logo_watermark/watermarked_image_296.jpg,Medium Risk,With watermark,No Exif Data,0.4914475604891777,99.50855374336243
218,../../../../dataset/fraud/evaluation-dataset/copyright/watermark/transparent_logo_watermark/watermarked_image_297.jpg,Medium Risk,With watermark,No Exif Data,43.10590326786041,56.894099712371826
219,../../../../dataset/fraud/evaluation-dataset/copyright/watermark/transparent_logo_watermark/watermarked_image_298.jpg,Medium Risk,With watermark,No Exif Data,92.60230660438538,7.397691905498505
220,../../../../dataset/fraud/evaluation-dataset/copyright/watermark/transparent_logo_watermark/watermarked_image_299.jpg,Medium Risk,With watermark,No Exif Data,93.09365749359131,6.906343251466751
221,../../../../dataset/fraud/evaluation-dataset/copyright/watermark/transparent_logo_watermark/watermarked_image_3.jpg,Medium Risk,With watermark,No Exif Data,4.192861914634705,95.80714106559753
222,../../../../dataset/fraud/evaluation-dataset/copyright/watermark/transparent_logo_watermark/watermarked_image_30.jpg,Medium Risk,With watermark,No Exif Data,3.70013490319252,96.2998628616333
223,../../../../dataset/fraud/evaluation-dataset/copyright/watermark/transparent_logo_watermark/watermarked_image_300.jpg,Medium Risk,With watermark,No Exif Data,76.4955461025238,23.504452407360077
224,../../../../dataset/fraud/evaluation-dataset/copyright/watermark/transparent_logo_watermark/watermarked_image_301.jpg,Medium Risk,With watermark,No Exif Data,61.46382689476013,38.53617608547211
225,../../../../dataset/fraud/evaluation-dataset/copyright/watermark/transparent_logo_watermark/watermarked_image_302.jpg,Medium Risk,With watermark,No Exif Data,22.325399518013,77.67459750175476
226,../../../../dataset/fraud/evaluation-dataset/copyright/watermark/transparent_logo_watermark/watermarked_image_303.jpg,Medium Risk,With watermark,No Exif Data,16.817183792591095,83.18281769752502
227,../../../../dataset/fraud/evaluation-dataset/copyright/watermark/transparent_logo_watermark/watermarked_image_304.jpg,Medium Risk,With watermark,No Exif Data,88.80537152290344,11.194626986980438
228,../../../../dataset/fraud/evaluation-dataset/copyright/watermark/transparent_logo_watermark/watermarked_image_305.jpg,Medium Risk,With watermark,No Exif Data,79.99622225761414,20.003773272037506
229,../../../../dataset/fraud/evaluation-dataset/copyright/watermark/transparent_logo_watermark/watermarked_image_306.jpg,Medium Risk,With watermark,No Exif Data,84.3202292919159,15.679770708084106
230,../../../../dataset/fraud/evaluation-dataset/copyright/watermark/transparent_logo_watermark/watermarked_image_307.jpg,Medium Risk,With watermark,No Exif Data,12.59637326002121,87.40363121032715
231,../../../../dataset/fraud/evaluation-dataset/copyright/watermark/transparent_logo_watermark/watermarked_image_308.jpg,Medium Risk,With watermark,No Exif Data,29.403626918792725,70.5963671207428
232,../../../../dataset/fraud/evaluation-dataset/copyright/watermark/transparent_logo_watermark/watermarked_image_309.jpg,Medium Risk,With watermark,No Exif Data,7.508184015750885,92.49181151390076
233,../../../../dataset/fraud/evaluation-dataset/copyright/watermark/transparent_logo_watermark/watermarked_image_31.jpg,Medium Risk,With watermark,No Exif Data,3.5975314676761627,96.40246629714966
234,../../../../dataset/fraud/evaluation-dataset/copyright/watermark/transparent_logo_watermark/watermarked_image_310.jpg,Medium Risk,With watermark,No Exif Data,0.0001610840399735025,99.99983310699463
235,../../../../dataset/fraud/evaluation-dataset/copyright/watermark/transparent_logo_watermark/watermarked_image_311.jpg,Medium Risk,With watermark,No Exif Data,3.7132465990907804e-06,100.0
236,../../../../dataset/fraud/evaluation-dataset/copyright/watermark/transparent_logo_watermark/watermarked_image_312.jpg,Medium Risk,With watermark,No Exif Data,8.423092481280037e-05,99.99991655349731
237,../../../../dataset/fraud/evaluation-dataset/copyright/watermark/transparent_logo_watermark/watermarked_image_313.jpg,Medium Risk,With watermark,No Exif Data,9.063932679964637e-05,99.99990463256836
238,../../../../dataset/fraud/evaluation-dataset/copyright/watermark/transparent_logo_watermark/watermarked_image_314.jpg,Medium Risk,With watermark,No Exif Data,0.032709623337723315,99.96728897094727
239,../../../../dataset/fraud/evaluation-dataset/copyright/watermark/transparent_logo_watermark/watermarked_image_315.jpg,Medium Risk,With watermark,No Exif Data,0.00035523883070709417,99.99964237213135
240,../../../../dataset/fraud/evaluation-dataset/copyright/watermark/transparent_logo_watermark/watermarked_image_316.jpg,Medium Risk,With watermark,No Exif Data,1.954624906375102e-06,100.0
241,../../../../dataset/fraud/evaluation-dataset/copyright/watermark/transparent_logo_watermark/watermarked_image_317.jpg,Medium Risk,With watermark,No Exif Data,0.009312870679423213,99.99068975448608
242,../../../../dataset/fraud/evaluation-dataset/copyright/watermark/transparent_logo_watermark/watermarked_image_318.jpg,Medium Risk,With watermark,No Exif Data,0.00011574604741326766,99.99988079071045
243,../../../../dataset/fraud/evaluation-dataset/copyright/watermark/transparent_logo_watermark/watermarked_image_319.jpg,Medium Risk,With watermark,No Exif Data,4.924603302924879e-06,100.0
244,../../../../dataset/fraud/evaluation-dataset/copyright/watermark/transparent_logo_watermark/watermarked_image_32.jpg,Medium Risk,With watermark,No Exif Data,98.75556826591492,1.2444301508367062
245,../../../../dataset/fraud/evaluation-dataset/copyright/watermark/transparent_logo_watermark/watermarked_image_320.jpg,Medium Risk,With watermark,No Exif Data,0.00010151072729058797,99.9998927116394
246,../../../../dataset/fraud/evaluation-dataset/copyright/watermark/transparent_logo_watermark/watermarked_image_321.jpg,Medium Risk,With watermark,No Exif Data,0.0005528213478100952,99.99945163726807
247,../../../../dataset/fraud/evaluation-dataset/copyright/watermark/transparent_logo_watermark/watermarked_image_322.jpg,Medium Risk,With watermark,No Exif Data,0.0005220344974077307,99.99947547912598
248,../../../../dataset/fraud/evaluation-dataset/copyright/watermark/transparent_logo_watermark/watermarked_image_323.jpg,Medium Risk,With watermark,No Exif Data,4.0111959265232144e-05,99.99996423721313
249,../../../../dataset/fraud/evaluation-dataset/copyright/watermark/transparent_logo_watermark/watermarked_image_324.jpg,Medium Risk,With watermark,No Exif Data,0.0007129243385861628,99.9992847442627